{
  "benchmark_start": "2025-09-24T03:44:52.493242+00:00",
  "iterations": 2,
  "tests": {
    "chunking": {
      "test_sizes": [
        5000,
        15000,
        25000,
        50000
      ],
      "chunking_results": [
        {
          "content_size": 4970,
          "chunk_count": 1,
          "chunking_time": 0.0,
          "average_chunk_size": 4970.0
        },
        {
          "content_size": 14980,
          "chunk_count": 1,
          "chunking_time": 0.0,
          "average_chunk_size": 14980.0
        },
        {
          "content_size": 24990,
          "chunk_count": 2,
          "chunking_time": 0.0009996891021728516,
          "average_chunk_size": 12595.0
        },
        {
          "content_size": 49980,
          "chunk_count": 3,
          "chunking_time": 0.0010006427764892578,
          "average_chunk_size": 16793.333333333332
        }
      ]
    }
  }
}